style,mean_portfolio_exposure
bp_z,0.3643282140224025
ep_z,0.8763786383321638
sp_z,0.35204912168037533
cfp_z,0.28271477406304785
value_composite_raw_z,0.4237232830009642
