alpha,beta,alpha_t_stat,beta_t_stat,r_squared,observations
0.003221264006575412,1.002102033801053,1.6890263659634712,28.749490317651567,0.875998003246791,119.0
