series,annual_return,annual_volatility,sharpe,max_drawdown,calmar,win_rate,observations
portfolio,0.14741277949560128,0.20044537008401883,0.785461011847204,-0.2751524935708206,0.5357493860314924,0.5546218487394958,119.0
hs300_equal_weight_proxy,0.1069107797496196,0.18721284532320379,0.6331706817572244,-0.254869903397959,0.41947196716548735,0.6134453781512605,119.0
excess,0.037056094398991046,0.0705857637377556,0.5511640908755715,-0.22718901002701597,0.16310689674022769,0.5630252100840336,119.0
