factor_name,mean_long_short_return,std_long_short_return,observations
liquidity_20d_z,-0.008124494594648347,0.05136406642467333,119
lowturn_20d_z,-0.010673328452206515,0.07596399183108064,119
lowvol_20d_z,-0.010650110726969118,0.06923463347493937,119
mom_60_20d_z,-0.00032515069583431114,0.053813974768797165,116
reversal_20d_z,0.0013589952509543053,0.05490834568556635,118
