factor_name,available_weeks,coverage_ratio,mean_rank_ic,rank_ic_std,mean_long_short_return,positive_week_ratio,icir,lifecycle_state,smoothed_eot_drift,drift_percentile,historical_icir,recent_icir
liquidity_1m,507,0.9995190157202866,-0.014048346755564668,0.17160377212226188,0.00018927779452609312,0.4970414201183432,-0.08186502302266233,Dormant,1.9349367979104009,1.0,-0.0192770031842826,0.12970689274592678
momentum_3m,498,1.0,-0.011314160659167504,0.21338663188893647,0.0007056239830379544,0.5321285140562249,-0.053021881263191316,Dormant,-0.6035550411699478,0.21153846153846154,-0.051683887930070095,0.020855556431290438
reversal_1m,506,1.0,0.01761024045822638,0.19546891889285076,-0.0004830179455981922,0.48221343873517786,0.09009227941696296,Dormant,-0.015972769989881994,0.596875,-0.0004348020969987672,0.02413529959665285
turnover_1m,507,0.9954453503356294,0.04887944604305021,0.21565449658817964,0.001393292117031665,0.5424063116370809,0.22665628037606783,Watch,1.4804936012595973,0.9532710280373832,0.12292683100903588,-0.13779724191719336
volatility_1m,507,1.0,0.04042058726495063,0.2204537196257792,5.942980884972841e-05,0.5128205128205128,0.18335180433137935,Watch,0.9017235411771818,0.8753894080996885,0.15028420136017745,-0.11590832755541354
